POSITION,CHROMOSOME,REF,ALT,EXPERIMENT_SAMPLE_LABEL,lineage,GT_TYPE,dep_sample_GT_TYPE,overlaps_features,snv_is_downstream_of,snv_is_upstream_of
1373843,CP006698,T,G,tyrS.d8_Esc3,tyrS,1.0,0.0,['pspC'],"['pspB', 'pspA']",[]
1380790,CP006698,C,T,tyrS.d8_Esc3,tyrS,1.0,0.0,['ycjQ'],[],['ycjR']
1392203,CP006698,TGGCGA,T,adk.d6_Esc2,adk,2.0,0.0,['tyrR'],[],[]
1392983,CP006698,C,T,tyrS.d8_Esc1,tyrS,2.0,0.0,['tyrR'],['tpx'],[]
1721829,CP006698,G,A,tyrS.d8_Esc2,tyrS,2.0,0.0,['tyrS'],[],[]
1721829,CP006698,G,A,tyrS.d8_Esc1,tyrS,2.0,0.0,['tyrS'],[],[]
1721829,CP006698,G,A,tyrS.d8_Esc3,tyrS,2.0,0.0,['tyrS'],[],[]
3103335,CP006698,G,GC,adk.d6_Esc1,adk,1.0,1.0,['yggN'],[],[]
3103335,CP006698,G,GC,adk.d6_Esc2,adk,1.0,1.0,['yggN'],[],[]
3103335,CP006698,G,GC,adk.d6_Esc3,adk,1.0,1.0,['yggN'],[],[]
3433674,CP006698,G,GC,tyrS.d8_Esc3,tyrS,1.0,1.0,['smf'],[],[]
3433674,CP006698,G,GC,tyrS.d8_Esc1,tyrS,1.0,1.0,['smf'],[],[]
3433674,CP006698,G,GC,tyrS.d8_Esc2,tyrS,2.0,1.0,['smf'],[],[]
4039887,CP006698,G,A,adk.d6_Esc1,adk,1.0,0.0,"['rrnA', 'rrlA']",[],[]
4477477,CP006698,C,CG,adk.d6_Esc2,adk,1.0,1.0,['yjgL'],['tabA'],[]
4477477,CP006698,C,CG,tyrS.d8_Esc3,tyrS,1.0,1.0,['yjgL'],['tabA'],[]
4477477,CP006698,C,CG,tyrS.d8_Esc2,tyrS,1.0,1.0,['yjgL'],['tabA'],[]
4477477,CP006698,C,CG,tyrS.d8_Esc1,tyrS,1.0,1.0,['yjgL'],['tabA'],[]
4477477,CP006698,C,CG,adk.d6_Esc1,adk,2.0,1.0,['yjgL'],['tabA'],[]
4477477,CP006698,C,CG,adk.d6_Esc3,adk,1.0,1.0,['yjgL'],['tabA'],[]
4509716,CP006698,A,G,adk.d6_Esc3,adk,2.0,,"['insI1', 'insO']",[],[]
4509716,CP006698,A,G,adk.d6_Esc2,adk,2.0,,"['insI1', 'insO']",[],[]
4509716,CP006698,A,G,tyrS.d8_Esc1,tyrS,2.0,,"['insI1', 'insO']",[],[]
4509716,CP006698,A,G,tyrS.d8_Esc2,tyrS,2.0,,"['insI1', 'insO']",[],[]
4509716,CP006698,A,G,tyrS.d8_Esc3,tyrS,2.0,,"['insI1', 'insO']",[],[]
4611239,CP006698,T,TC,tyrS.d8_Esc2,tyrS,1.0,1.0,[],['yjjG'],['prfC']
4611239,CP006698,T,TC,adk.d6_Esc3,adk,1.0,1.0,[],['yjjG'],['prfC']
4611239,CP006698,T,TC,adk.d6_Esc1,adk,1.0,1.0,[],['yjjG'],['prfC']
4611239,CP006698,T,TC,adk.d6_Esc2,adk,1.0,1.0,[],['yjjG'],['prfC']
4611239,CP006698,T,TC,tyrS.d8_Esc1,tyrS,1.0,1.0,[],['yjjG'],['prfC']
4611239,CP006698,T,TC,tyrS.d8_Esc3,tyrS,1.0,1.0,[],['yjjG'],['prfC']
