id,sample,length,coverage,flag,note,sequence,aln_hit_id,aln_hit_def,aln_size,aln_query_start,aln_query_end,aln_sbjct_start,aln_sbjct_end
tyrS.d8_DEP_NODE_51,tyrS.d8_DEP,139,50.424461,,,CTCACGGCAGGTAACCAGTTCAGAAGCTGCTATCAGACACTCTTTTTTTAATCCACACAGAGACATATTGCCCGTTGCAGTCAGAATGAAAAGCTGAAAAATACTTACTAAGGCGTTTTTTATTTGGTGATATTTTTTTCAATATCATGCAGCAAACGG,gi|545778205|gb|U00096.3|,"Escherichia coli str. K-12 substr. MG1655, complete genome",94,1,95,95,1
tyrS.d8_Esc3_NODE_164,tyrS.d8_Esc3,165,79.769699,,mdfA,TGTGCTTAACCGTGGTTTCAGCTACAAAATTCGCTTTCTCGTTAGCTGCGCTTTTATTAAACTCTGCGCGATTATTATTGGCGAAGAAATTGCAGGTAATGACTCCAACTTATTGATAGTGTTTTATGTTCAGATAATGCCCGATGACTTTGTCATGCAGCTCCACCGATTTTGAGAACGACAGC,gi|545778205|gb|U00096.3|,"Escherichia coli str. K-12 substr. MG1655, complete genome",100,85,185,19786,19886
tyrS.d8_Esc1_NODE_48,tyrS.d8_Esc1,143,43.748253,,,CTGTCGTTCTCAAAATCGGTGGAGCTGCATGACAAAGTCATCGGGCATTATCTGAACATAAAACACTATCAATAAGTTGGAGTCATTACCTGCAATTTCTTCGCCAATAATAATCGCGCAGAGTTTAATAAAAGCGCAGCTAACGAGAAAGCGAATTTTGTAG,gi|545778205|gb|U00096.3|,"Escherichia coli str. K-12 substr. MG1655, complete genome",99,1,100,19885,19786
tyrS.d8_DEP_NODE_34,tyrS.d8_DEP,165,51.666668,,,GCTGTCGTTCTCAAAATCGGTGGAGCTGCATGACAAAGTCATCGGGCATTATCTGAACATAAAACACTATCAATAAGTTGGAGTCATTACCTGCAATTTCTTCGCCAATAATAATCGCGCAGAGTTTAATAAAAGCGCAGCTAACGAGAAAGCGAATTTTGTAGCTGAAACCACGGTTAAGCACA,gi|545778205|gb|U00096.3|,"Escherichia coli str. K-12 substr. MG1655, complete genome",100,1,101,19886,19786
tyrS.d8_DEP_NODE_53,tyrS.d8_DEP,67,22.776119,,,ATCGCCAGTTGGTTATCGTTTTTCAGCAACCCCTTGTATCTGGCTTTCACGAAGCCGAACTGTCGCTTGATGATGCGAAATGGGTGC,gi|545778205|gb|U00096.3|,"Escherichia coli str. K-12 substr. MG1655, complete genome",86,1,87,274168,274254
tyrS.d8_DEP_NODE_54,tyrS.d8_DEP,111,24.216217,,,GCTCCTCGCGCTGTGGCGCCCCTTGGTAGCCGGCATCGGCTGAGACAAATTGCTCCTCTCCATGCAGCAGATTACCCAGCTGATTGAGGTCATGCTCGTTGGCCGCGGTGGTGACCAGGCTGTGGGTCAGG,gi|545778205|gb|U00096.3|,"Escherichia coli str. K-12 substr. MG1655, complete genome",130,1,131,274388,274518
tyrS.d8_DEP_NODE_55,tyrS.d8_DEP,90,22.866667,,,GCCACTCTTGGCATCGACACCAATGTGGGCCTTCATGCCAAAGTGCCACTGATTGCCTTTCTTGGTCTGATGCATCTCCGGATCGCGTTGCTGCTCTTTGTTCTTGGTCG,gi|545778205|gb|U00096.3|,"Escherichia coli str. K-12 substr. MG1655, complete genome",109,1,110,274518,274627
tyrS.d8_DEP_NODE_56,tyrS.d8_DEP,48,21.1875,,,TCTTTGTTCTTGGTCGAGCTGGGTGCCTCAATGATGGTGGCATCGACCAAGGTGCCTTGAGTCATCAT,gi|545778205|gb|U00096.3|,"Escherichia coli str. K-12 substr. MG1655, complete genome",67,1,68,274612,274679
tyrS.d8_Esc2_NODE_48,tyrS.d8_Esc2,130,41.376923,,"at end of MG1655 genome, probably false positive",GGCAATGTTGCACCGTTTGCTGCATGATATTGAAAAAAATATCACCAAATAAAAAACGCCTTAGTAAGTATTTTTCAGCTTTTCATTCTGACTGCAACGGGCAATATGTCTCTGTGTGGATTAAAAAAAGAGTGTCTGATAGCAGCTTCT,gi|595607150|gb|CP007394.1|,"Escherichia coli strain ST2747, complete genome",149,1,150,629377,629526
tyrS.d8_Esc3_NODE_163,tyrS.d8_Esc3,144,62.027779,,,CAGTTCAGAAGCTGCTATCAGACACTCTTTTTTTAATCCACACAGAGACATATTGCCCGTTGCAGTCAGAATGAAAAGCTGAAAAATACTTACTAAGGCGTTTTTTATTTGGTGATATTTTTTTCAATATCATGCAGCAAACGGTGCAACATTGCCGTGTCTCG,gi|595607150|gb|CP007394.1|,"Escherichia coli strain ST2747, complete genome",163,1,164,629532,629369
tyrS.d8_Esc1_NODE_56,tyrS.d8_Esc1,143,45.468533,,,GCAGGTAACCAGTTCAGAAGCTGCTATCAGACACTCTTTTTTTAATCCACACAGAGACATATTGCCCGTTGCAGTCAGAATGAAAAGCTGAAAAATACTTACTAAGGCGTTTTTTATTTGGTGATATTTTTTTCAATATCATGCAGCAAACGGTGCAACATTG,gi|595607150|gb|CP007394.1|,"Escherichia coli strain ST2747, complete genome",162,1,163,629541,629379
tyrS.d8_DEP_NODE_52,tyrS.d8_DEP,52,152.192307,,,TGTAGGCCTGATAAGCGTAGCGCATCAGGCAATTTAGCGTTTGAAACTGCAGTTACAGACGTTTACGGATCG,gi|545778205|gb|U00096.3|,"Escherichia coli str. K-12 substr. MG1655, complete genome",48,1,49,707866,707818
tyrS.d8_Esc2_NODE_49,tyrS.d8_Esc2,94,57.148937,,,TGTGCTTAACCGTGGTTTCAGCTACAAAATTCGCTTTCTCGTTAGCTGCGCTTTTATTAAACTCTGCGCGATTATTATTGGCGAAGAAATTGCAGGTAATGACTCCAACTTATT,gi|545778205|gb|U00096.3|,"Escherichia coli str. K-12 substr. MG1655, complete genome",93,1,94,883580,883673
tyrS.d8_Esc3_NODE_167,tyrS.d8_Esc3,70,86.214287,,,AGTAAGTTGGCAGCATCACCGAAATTGCATGCAAAATAAATTAGCTTCCGGTGCCAGGCTTGGACGTCAGGCGTTACTTTTCCCTCTCTG,gi|545778205|gb|U00096.3|,"Escherichia coli str. K-12 substr. MG1655, complete genome",69,21,90,883665,883734
tyrS.d8_Esc2_NODE_45,tyrS.d8_Esc2,52,34.673077,,,GCCTGACGTCCAAGCCTGGCACCGGAAGCTAATTTATTTTGCATGCAATTTCGGTGATGCTGCCAACTTACT,gi|545778205|gb|U00096.3|,"Escherichia coli str. K-12 substr. MG1655, complete genome",51,1,52,883716,883665
tyrS.d8_Esc1_NODE_49,tyrS.d8_Esc1,71,35.323944,,,ACAGAGAGGGAAAAGTAACGCCTGACGTCCAAGCCTGGCACCGGAAGCTAATTTATTTTGCATGCAATTTCGGTGATGCTGCCAACTTACT,gi|545778205|gb|U00096.3|,"Escherichia coli str. K-12 substr. MG1655, complete genome",70,1,71,883735,883665
tyrS.d8_DEP_NODE_57,tyrS.d8_DEP,90,47.566666,,,AAAATTCGTAAAGCACCAGACAGAGAGGGAAAAGTAACGCCTGACGTCCAAGCCTGGCACCGGAAGCTAATTTATTTTGCATGCAATTTCGGTGATGCTGCCAACTTACT,gi|545778205|gb|U00096.3|,"Escherichia coli str. K-12 substr. MG1655, complete genome",89,1,90,883754,883665
tyrS.d8_Esc3_NODE_172,tyrS.d8_Esc3,151,67.205299,,,TTCGCGCGCTGCTGTTAAGCCGCAAGAATCCGTTTGGCGATATCAAATCGGATGGCACTGTGCAAACGGCTCTCGAAAACCTTGGTTTGGGAGAAGGCTCTGCATTACCTGTTGGTGTCCCGGTTCCGTGGCCTTCAGCCACTCCGCCAACAGGCTGGCTGAAATGCAATG,gi|545778205|gb|U00096.3|,"Escherichia coli str. K-12 substr. MG1655, complete genome",96,1,97,1207709,1207805
tyrS.d8_Esc2_NODE_47,tyrS.d8_Esc2,125,49.855999,,,CTGGTAAAAGCAGGAATGATGCCATTTGCTTGTTATTTCTTCATTTTCATAAACGTTGGTTTGGGAGAAGGAGCAAAACTCAATGCAGCAACGGCTACATTAGGACGCACCGGTTTCATAGCTATACCGGTTATGATTGGTGGTA,gi|545778205|gb|U00096.3|,"Escherichia coli str. K-12 substr. MG1655, complete genome",94,51,145,1207785,1207879
tyrS.d8_DEP_NODE_58,tyrS.d8_DEP,142,27.457747,,,AGCATGTTAAATCCCCCTGGTAAAAGCAGGAATGATGCCATTTGCTTGTTATTTCTTCATTTTCATAAACGTTGGTTTGGGAGAAGGAGCAAAACTCAATGCAGCAACGGCTACATTAGGACGCACCGGTTTCATAGCTATACCGGTTATGATTGGTGGTAT,gi|545778205|gb|U00096.3|,"Escherichia coli str. K-12 substr. MG1655, complete genome",95,67,162,1207785,1207880
tyrS.d8_Esc1_NODE_52,tyrS.d8_Esc1,53,22.64151,,,AGAGCCTTCTCCCAAACCAAGGTTTTCGAGAGCCGTTTGCACAGTGCCATCCGATTTGATATCGCCAAACGGA,gi|545778205|gb|U00096.3|,"Escherichia coli str. K-12 substr. MG1655, complete genome",68,5,73,1207805,1207737
tyrS.d8_Esc1_NODE_50,tyrS.d8_Esc1,127,36.299213,,,ATCATAACCGGTATAGCTATGAAACCGGTGCGTCCTAATGTAGCCGTTGCTGCATTGAGTTTTGCTCCTTCTCCCAAACCAACGTTTATGAAAATGAAGAAATAACAAGCAAATGGCATCATTCCTGCTTTTACCAGGGGGATTTAA,gi|545778205|gb|U00096.3|,"Escherichia coli str. K-12 substr. MG1655, complete genome",86,1,87,1207871,1207785
tyrS.d8_Esc2_NODE_46,tyrS.d8_Esc2,136,40.10294,,,CAGAAAAAGCGGCACCATTGCATTTCAGCCAGCCTGTTGGCGGAGTGGCTGAAGGCCACGGAACCGGGACACCAACAGGTAATGCAGAGCCTTCTCCCAAACCAAGGTTTTCGAGAGCCGTTTGCACAGTGCCATCCGATTTGATATCGCCAAACG,gi|545778205|gb|U00096.3|,"Escherichia coli str. K-12 substr. MG1655, complete genome",109,1,110,1209514,1209623
tyrS.d8_Esc3_NODE_173,tyrS.d8_Esc3,158,83.208862,,,TACATAGCCAATAAGCATGTTAAATCCCCCTGGTAAAAGCAGGAATGATGCCATTTGCTTGTTATTTCTTCATTTTCATAAACGTTGGTTTGGGAGAAGGAGCAAAACTCAATGCAGCAACGGCTACATTAGGACGCACCGGTTTCATAGCTATACCGGTTATGATTGGTGGTATTGA,gi|545778205|gb|U00096.3|,"Escherichia coli str. K-12 substr. MG1655, complete genome",99,1,100,1209702,1209603
tyrS.d8_Esc3_NODE_174,tyrS.d8_Esc3,193,57.362694,,,AATAGTTACCAGCAGTCATTTACCCGCTTATAACAAGCGAGGCAGTTGTAATGATAGCTCAGAAGGATTATGCAAGGCTTCGTAAGGGAGAACGCATATACCCACTTCTGTGCATACTGGTTCGTTTTACGCACTTCTTCCGGGCTATATACCCTTCTCGGCAGTTTTTTAACGCCGCTATACGCCTCACAGGGCTCTTAAGCACCGACGTTG,gi|545778205|gb|U00096.3|,"Escherichia coli str. K-12 substr. MG1655, complete genome",118,1,119,1293335,1293453
tyrS.d8_Esc1_NODE_51,tyrS.d8_Esc1,143,22.601398,,,CCCGCTTATAACAAGCGAGGCAGTTGTAATGATAGCTCAGAAGGATTATGCAAGGCTTCGTAAGGGAGAACGCATATACCCACTTCTGTGCATACTGGTTCGTTTTACGCACTTCTTCCGGGCTATATACCCTTCTCGGCAGTTTTTTAACGCCGCTATACGC,gi|545778205|gb|U00096.3|,"Escherichia coli str. K-12 substr. MG1655, complete genome",96,1,97,1293357,1293453
tyrS.d8_Esc2_NODE_51,tyrS.d8_Esc2,101,44.90099,,,AGGCTTCGTAAGGGAGAACGCATATACCCACTTCTGTGCATACTGGTTCGTTTTACGCACTTCTTCCGGGCTATATACCCTTCTCGGCAGTTTTTTAACGCCGCTATACGCCTCACAGGGC,gi|545778205|gb|U00096.3|,"Escherichia coli str. K-12 substr. MG1655, complete genome",75,46,121,1294193,1294268
tyrS.d8_DEP_NODE_59,tyrS.d8_DEP,120,42.566666,,,CTTAAGAGCCCTGTGAGGCGTATAGCGGCGTTAAAAAACTGCCGAGAAGGGTATATAGCCCGGAAGAAGTGCGTAAAACGAACCAGTATGCACAGAAGTGGGTATATGCGTTCTCCCTTACGAAGCCTTGCATAATCCTT,gi|545778205|gb|U00096.3|,"Escherichia coli str. K-12 substr. MG1655, complete genome",82,1,83,1294275,1294193
tyrS.d8_Esc3_NODE_168,tyrS.d8_Esc3,144,67.631943,,mobile,GTAAGTTGATGACTCATGATGAACCCTGTTCTATGGCTCCAGATGACAAACATGATCTCATATCAGGGACTTGTTCGCACCTTCCTTAGCGATCCCTCCAGTTCGGATGTTCTGCATCAAGAATAGATTCCAGCGCCTGAATACGTTCGCGCATCCGTTTTGCT,gi|545778205|gb|U00096.3|,"Escherichia coli str. K-12 substr. MG1655, complete genome",89,1,90,1299583,1299494
tyrS.d8_Esc2_NODE_50,tyrS.d8_Esc2,92,43.52174,,,TGGATATGGCGAACCCGGCGAGCTGTCAGCTTTTTGGGCAAAAATTGGATCGCCTGCGCAACCATACCGCCGCACAATTGATTAACGGCTTTGGTAATGACTCCAACTTATT,gi|545778205|gb|U00096.3|,"Escherichia coli str. K-12 substr. MG1655, complete genome",91,1,92,1387024,1387115
tyrS.d8_Esc2_NODE_52,tyrS.d8_Esc2,81,46.296295,,,AGTAAGTTGGCAGCATCACCAACGGCTTTAATTTTTTACGTTGGCTGGAAAGCGAACCGCAAGATTCGCATAACGAGCATGTCGTTATTAATGGGCAGAAT,gi|545778205|gb|U00096.3|,"Escherichia coli str. K-12 substr. MG1655, complete genome",80,21,101,1387107,1387187
